<?xml version="1.0" encoding="UTF-8"?>
<project-private xmlns="http://www.netbeans.org/ns/project-private/1">
    <editor-bookmarks xmlns="http://www.netbeans.org/ns/editor-bookmarks/2" lastBookmarkId="0"/>
    <open-files xmlns="http://www.netbeans.org/ns/projectui-open-files/2">
        <group>
            <file>file:/D:/File%20Daniel/Tugas/PBO/Travel_Agency1/src/view/DatabaseConnection.java</file>
            <file>file:/D:/File%20Daniel/Tugas/PBO/Travel_Agency1/src/view/TicketBookingPanel.java</file>
            <file>file:/D:/File%20Daniel/Tugas/PBO/Travel_Agency1/src/view/ManageJourneyPanel.java</file>
            <file>file:/D:/File%20Daniel/Tugas/PBO/Travel_Agency1/src/view/ReportPanel.java</file>
            <file>file:/D:/File%20Daniel/Tugas/PBO/Travel_Agency1/src/models/Sale.java</file>
            <file>file:/D:/File%20Daniel/Tugas/PBO/Travel_Agency1/src/view/Travel_Agency1.java</file>
            <file>file:/D:/File%20Daniel/Tugas/PBO/Travel_Agency1/src/models/Travel.java</file>
            <file>file:/D:/File%20Daniel/Tugas/PBO/Travel_Agency1/src/view/MainUserPage.java</file>
            <file>file:/D:/File%20Daniel/Tugas/PBO/Travel_Agency1/src/view/LoginPage.java</file>
            <file>file:/D:/File%20Daniel/Tugas/PBO/Travel_Agency1/src/view/RegisterPage.java</file>
            <file>file:/D:/File%20Daniel/Tugas/PBO/Travel_Agency1/src/models/Journey.java</file>
            <file>file:/D:/File%20Daniel/Tugas/PBO/Travel_Agency1/src/view/MainAdminPage.java</file>
            <file>file:/D:/File%20Daniel/Tugas/PBO/Travel_Agency1/src/models/Booking.java</file>
        </group>
    </open-files>
</project-private>
